,resource_state,name,distance,moving_time,elapsed_time,total_elevation_gain,type,id,external_id,upload_id,start_date,start_date_local,timezone,utc_offset,start_latlng,end_latlng,location_city,location_state,location_country,start_latitude,start_longitude,achievement_count,kudos_count,comment_count,athlete_count,photo_count,trainer,commute,manual,private,visibility,flagged,gear_id,from_accepted_tag,upload_id_str,average_speed,max_speed,has_heartrate,average_heartrate,max_heartrate,heartrate_opt_out,display_hide_heartrate_option,elev_high,elev_low,pr_count,total_photo_count,has_kudoed,suffer_score,athlete.id,athlete.resource_state,map.id,map.summary_polyline,map.resource_state,average_cadence,average_watts,weighted_average_watts,kilojoules,device_watts,max_watts,workout_type
0,2,"üåß Afternoon toddle - wet, but puddles",1139.9,1208,1208,0.0,Hike,4614862093,activity_1610555607.tcx,4929273549,2021-01-13T16:34:31Z,2021-01-13T16:34:31Z,(GMT+00:00) Europe/London,0.0,"[52.8875, -1.298433]","[52.887683, -1.29874]",,,United Kingdom,52.8875,-1.298433,0,1,0,1,0,False,False,False,False,everyone,False,g6779208,False,4929273549,0.944,2.0,True,91.7,105.0,False,True,31.1,30.5,0,0,False,2.0,2265413,1,a4614862093,o{xaIfd|Fi@VETBVCFDHDd@Pn@Bd@DHL|@@h@HZLdA?RBBA\Hv@B`ABN@VDh@?NHrAALBH?b@DPAD?b@Bd@Nh@\n@TRLBJHZ@p@W^i@A?^u@Ne@MUMMCQGKQCC@EGYqAAAE?YNG?KIMu@A],2,,,,,,,
1,2,"Lunch Activity - weights, cables and abs",0.0,1938,1938,0.0,Workout,4613631651,activity_1610539871.tcx,4927986531,2021-01-13T12:11:11Z,2021-01-13T12:11:11Z,(GMT+00:00) Europe/London,0.0,,,,,United Kingdom,,,0,3,0,1,0,True,False,False,False,everyone,False,,False,4927986531,0.0,0.0,True,107.2,113.0,False,True,,,0,0,False,5.0,2265413,1,a4613631651,,2,,,,,,,
2,2,TDZ Stage 2: Standard Ride,24237.7,3054,3054,495.0,VirtualRide,4610229761,zwift-activity-726165484306414400.fit,4924429894,2021-01-12T18:02:46Z,2021-01-12T18:02:46Z,(GMT+00:00) Europe/London,0.0,"[47.271406, 11.396171]","[47.268605, 11.39609]",,,United Kingdom,47.271406,11.396171,11,7,0,45,0,False,False,False,False,everyone,False,b6605493,False,4924429894,7.936,25.3,True,144.6,168.0,False,True,695.8,278.8,6,1,False,53.0,2265413,1,a4610229761,guo_HaypdAJtAP^ZRtMjA`@KLo@Eu@oAeN[wBA_A^c@fE}@n@HxBfA^AXYVcALkAz@qL\a@hAi@pA{BvByEbBiG\?|Cp@j@SJm@?s@SqFQoBJw@t@g@lG{BdHcE~@{@|CuDVc@ZcAfBQjGoDbQoE\SVk@d@a@F_@?y@s@gHZcHE{BgAsIcA_E_@{ByAiL}BoYMmGFkEJkBV_B|AyDP}@DiBQ}E?aBHMRAV`@XfD|@nEj@jBXZXFl@]NeA_@mGRwC^gCbAuEt@{B`@g@jA]\o@Ty@Do@EyC[eMUuBgA_Gc@}DDy@j@qBxAsDb@}@\YbAIxEz@`C|@bBnAdAtAr@fBhBvIzAdGv@`Cp@jArAdA`FbBnBpAbDrC|AbCbAdAhK~DnB`A~AjA~HnGPf@M~BPVb@EdCuAr@GjD~BzD^`R`G~@h@lC|B`Ad@jK|BzAA|E{AfCOpAHnBd@|BfAtAt@bBxA|BhCzA|B`CtF~BpJrApErAjC~ApBzCrBfC~@pLdBrElAzDrCdBzBBb@WdAc@r@i@\gGz@iEV{DrAsBxAsHdHmCrBSVk@zAUPiCP{@\wC|D}CzB}@`AgBvCuE|IcAdAqAj@aC`@sDFeDi@g@?c@\mE|Jm@rCkAjJa@bA[TqBn@uCJsCnCwAl@{AXeB?aDeAgAG_@ZaDpF{DzEqDbCw@RuBaAsCFeAq@_F_A[]i@wA]c@c@MyB?_@c@Ky@D{BC{@Ow@wAaCaBaBuC}AuDoCmGiDgAUmA@}Ch@e@V]h@g@~A[^y@v@}@\}@?mBeAgA{Ao@eC_BwLu@aH}A_Ig@eGa@wA[Y}@[_AHeIhBuExAaEtB}AjAa@z@IhA`AhQz@xJlB|\j@`FrB`J?`@K\sAfAgE|AeCf@qBGk@Ne@b@cCvDoA|@gKpB{EMaBHmKnDqLnCS^Aj@X|D\t@AVeChEEn@BzAGf@a@p@mC~CwGbLI@K[JkD]_EYyBc@gAu@c@yA]u@a@}@yA_CiFo@w@_Ae@gBFQCMSH_B^kBPa@r@i@p@{@b@oACm@a@oA_AuAaA}@kL}GcBqAk@q@aCwFsCwEeAgCyEyOy@eEQcCH_@TITHhEvCjQh]fBvC`CfD`BjBnGnFjD`BxBBhT`Bb@KFS@y@KeB,2,89.4,205.9,218.0,628.8,True,307.0,
3,2,Watopia,2802.1,326,468,4.0,VirtualRide,4609857013,zwift-activity-726160606451617456.fit,4924046056,2021-01-12T17:49:03Z,2021-01-12T17:49:03Z,(GMT+00:00) Europe/London,0.0,"[-11.637771, 166.949129]","[-11.647118, 166.961547]",,,United Kingdom,-11.637771,166.949129,2,4,0,42,0,False,False,False,False,everyone,False,b6605493,False,4924046056,8.595,12.6,True,110.0,122.0,False,True,4.8,-6.0,0,1,False,1.0,2265413,1,a4609857013,b_`fA_g~y^uAa@YU_@MSQa@QuAkAw@{@o@uAq@oBE_@OiB?OPw@JYb@q@j@g@XM`@]f@WdBkAl@g@Ve@BMA]CMOWg@e@mAs@W[EUBUFGb@OfAMDGDSEm@]iCCi@e@cDEaB@g@NmADSd@sAt@eAp@o@h@]h@Y|Ak@nA]`BYnJgA`C_@z@Sd@Sn@g@V_@Ra@hA_DP_@T[h@e@ZU\S~@_@tAKr@?`@F^H|@\f@\XVj@t@dA~At@bAf@f@d@ZAB,2,74.7,92.8,85.0,30.2,True,125.0,
4,2,"‚õÖ Lunch Run - faster each km, but still steady",5042.0,1447,1450,19.5,Run,4608178470,activity_1610453507.tcx,4922297218,2021-01-12T12:11:47Z,2021-01-12T12:11:47Z,(GMT+00:00) Europe/London,0.0,"[52.887514, -1.298466]","[52.886856, -1.298701]",,,United Kingdom,52.887514,-1.298466,0,8,0,1,0,False,False,False,False,everyone,False,g6779208,False,4922297218,3.484,4.8,True,152.3,164.0,False,True,40.8,30.5,0,0,False,36.0,2265413,1,a4608178470,ehxaIj|{FJSFAj@F^PJ@FC\HTA^@r@NZT|@Hl@PRLh@f@Zf@h@l@b@d@TR`ChC\d@dAhAHLp@n@DNAt@SnABNPXVXxAt@^Nf@JXN\JXBZALBFBDFFPBvAL`B?p@Fz@F`CA^MrAEZo@nBi@|BUp@g@fCQpEMbBOzD_@rFCv@OdCk@fFCh@ClAKxAKfAMxBa@bD?^Ir@BZVz@F\JvBL|ABrAh@jH\lCt@nHGq@GsAm@_GQmAI_AIwAUoB]gHOiA[w@Eg@Fw@`@sCFgAh@cFJgCViDNeCJuCXuDX_FN{APkDP}Ah@oCh@uBb@mALo@HuA?S]_LCIg@W_BOo@YeBeAc@OKGMe@Cq@@SVqAAKGKiA{Ay@o@aAkAc@]gAwAiCyCQIa@Ie@Sg@Ki@g@MEMC_ADm@JSGSHQGK?W\,2,,,,,,,1.0
5,2,"Lunch Activity - weights - shoulders, arms and chest",0.0,2517,2517,0.0,WeightTraining,4603184296,activity_1610366733.tcx,4917085903,2021-01-11T12:05:33Z,2021-01-11T12:05:33Z,(GMT+00:00) Europe/London,0.0,,,,,United Kingdom,,,0,3,0,1,0,True,False,False,False,everyone,False,,False,4917085903,0.0,0.0,True,99.5,121.0,False,True,,,0,0,False,6.0,2265413,1,a4603184296,,2,,,,,,,
6,2,‚òÅÔ∏è Morning toddle,1131.0,1142,1220,0.0,Hike,4602741392,activity_1610360148.tcx,4916620268,2021-01-11T10:15:49Z,2021-01-11T10:15:49Z,(GMT+00:00) Europe/London,0.0,"[52.887683, -1.298572]","[52.887675, -1.298703]",,,United Kingdom,52.887683,-1.298572,0,3,0,1,0,False,False,False,False,everyone,False,g6779208,False,4916620268,0.99,1.8,True,137.5,154.0,False,True,31.1,30.5,0,0,False,15.0,2265413,1,a4602741392,{oxaIt{|FCTIRAXGNAPMf@Wv@KJIV_@p@SLa@Fa@EYQMSM]MOAOKa@KsBCYCC?]Eq@@]Ee@QwE?AGFA_AASI]?IS}AIWE_@CEMqAAELSJIFB@AEGJC,2,,,,,,,
7,2,‚òÅÔ∏è Afternoon toddle,2037.4,2179,2206,0.0,Hike,4599362905,activity_1610292541.tcx,4913040262,2021-01-10T15:29:01Z,2021-01-10T15:29:01Z,(GMT+00:00) Europe/London,0.0,"[52.887782, -1.298899]","[52.887692, -1.298726]",,,United Kingdom,52.887782,-1.298899,0,5,0,1,0,False,False,False,False,everyone,False,g6779208,False,4913040262,0.935,1.7,True,104.0,120.0,False,True,31.1,30.2,0,0,False,6.0,2265413,1,a4599362905,apxaIlv{F\gBR}AFm@I[KIM@EASAW@g@AI@OC]?[COBCDQCCBEAEKECqA\K@QAMHEECOGEK@QDOAMCEBEACBICEB[EW?@CC?G@CBECK?YDWEIBGN?dAMx@U`@OLIPONC`@C@EN\`AFNPj@AHRz@Bf@Hl@D`ADf@EZFNTDPb@RTJFh@FTKJAPND`AX~BBb@DLBRFjBCXNTBP@h@Hb@@ZBJDzBFP@`AFt@@DLABDBl@XfABAJPPNh@TDCX?f@UX[?Ev@_BTkAPsA,2,,,,,,,
8,2,‚òÅÔ∏è Lunch Hike,277.7,220,220,0.0,Hike,4597475254,activity_1610280756.tcx,4911073111,2021-01-10T12:12:54Z,2021-01-10T12:12:54Z,(GMT+00:00) Europe/London,0.0,"[52.888769, -1.299529]","[52.887656, -1.298901]",,,United Kingdom,52.888769,-1.299529,0,1,0,1,0,False,False,False,False,everyone,False,g6779208,False,4911073111,1.262,2.8,True,122.3,140.0,False,True,31.1,30.6,0,0,False,0.0,2265413,1,a4597475254,wyxaI`y|FEoAMoAC}@,2,,,,,,,
9,2,"‚õÖ Morning Run - z2 long and slow, had to stop cos I was going to do a paula Radcliffe",20135.0,6525,6838,88.8,Run,4597439273,activity_1610273890.tcx,4911033955,2021-01-10T10:18:12Z,2021-01-10T10:18:12Z,(GMT+00:00) Europe/London,0.0,"[52.887735, -1.298709]","[52.888679, -1.300487]",,,United Kingdom,52.887735,-1.298709,12,16,0,1,0,False,False,False,False,everyone,False,g6779208,False,4911033955,3.086,6.3,True,134.4,177.0,False,True,73.3,30.5,6,0,False,53.0,2265413,1,a4597439273,ghxaIr|{FTa@nDBp@Pd@b@fDhAhBpBj@`Ap@f@^l@jBjBd@z@`@RDp@YnBDf@xCrBfBb@lAILNNzAZxEAhF_ChIi@bDOnEgAvQy@jJg@tIu@xGh@jCDfBb@dHr@fJZzAbBrPx@pFBvAbFbd@AdAS~AmBlI_@|BQpOYZu@H_AKy@HoDi@wA@g@d@c@A_ANUX_Ab@y@DsA]}AN}CdE_BpEk@~@eADUOaANuBzBcAd@cASaCgA]?m@\_BxAo@jAc@vAa@|B{@zISdAm@n@oBNe@zCkBb@m@S_@J{AC_Au@{BXwA_@wBZq@|AI[QOcBa@o@G]PcFM_ESuT|B_AKcANk@Zk@Cy@X[QqAG}DN}@IqGgBgAKaQ^iHeAq@Lq@g@w@Ju@W_BTeAl@Sj@Et@DlBj@pErA`FN~B\rBZ~D|@vDb@h@N~@jAfDVXZzAr@h@f@rAzA`CJ^h@b@bA~A|@`Bt@lCBr@Ld@d@j@`Ad@|@zAj@b@fA|AdBzFNvADbGTnHI~HB|EB|@l@hDA`B_@z@m@VwAZeEzAw@p@qAHcB|ASC_@TQOGLn@ErBeAvBi@bCgARWbCo@bAw@`@GDsAs@uHHaFCuHUoGGyF]{CaAyDk@_AcB}B}BaCk@qBs@gBmAoB]{@_@a@[iAqAaB[cAu@s@i@mBy@_B}@mCy@k@KW[sE_AsEKyAo@yDYqCsAkI@gA^{@d@WxBYxCXdKxAdFStIAzATtCbAjC^zC]jEB|@[|De@xALrOeB|BHhBMbFXnAI~A\LPj@S`@a@jASbCNnBQn@b@jBVfCS^MP[RcBTYdCg@XY\wBp@}Gn@oDv@iBbCuBrAIbCbAf@Dh@YpA_B~@q@vBLf@Qj@w@p@wBh@}@~@aCp@u@z@g@|CFz@_@fBGjA_@Eg@ROhFj@zBCjAXh@KNS@{ELkHTwA|ByJRuCiC}U{Dk_@YsA?e@u@_HaAeLc@}HUsA[k@Ci@h@gEn@{IDeB~@iJt@aLb@sKr@aEfBkFDiEMkBQ{EOUqACyAa@}CwBMs@V{ACk@gAeBw@_A{@i@{FoHuAi@k@@k@e@q@S_AH{AU{@z@_@hBu@lH_ArGm@~AM~Bc@fCk@tBe@x@e@b@gAV_@YUa@YcAMoA,2,,,,,,,0.0
10,2,‚õÖ Lunch toddle to the big park,5066.4,4972,5336,0.0,Hike,4596210258,activity_1610190136.tcx,4909759165,2021-01-09T11:02:44Z,2021-01-09T11:02:44Z,(GMT+00:00) Europe/London,0.0,"[52.88795, -1.298678]","[52.887679, -1.298757]",,,United Kingdom,52.88795,-1.298678,0,5,0,2,0,False,False,False,False,everyone,False,g6779208,False,4909759165,1.019,3.5,True,95.4,122.0,False,True,31.1,29.1,0,0,False,11.0,2265413,1,a4596210258,{{xaIhj|FM}@UKM_AMOIDKAEMAIEAMHIA]YUc@U{@?Q@SOo@Iq@A[Ia@C]Ia@KQIg@Si@I]Ws@IYGe@Cq@Ay@Bu@LsABCHc@Nc@ASB[JYNS^}@JSHc@Fm@Bq@A]EMIMa@GKGQ@CC}@FEIGg@SFa@BOFY@[LQ?WFKFK?CDi@NGFWHa@Zm@TULSTSFUPKDa@ZKBEDG@YPQFIHM@OHMJI@IHSFWm@EQA_@IcAABKu@OUIs@CAOTUHYEUBECG]@SKFEY?AA@EYB_@Is@EKCAAGAHCGECIUYHEASJW@AXGTCVED@@@CEBSAIJKAE@KC?DKBMJEA]HWRQDELWVIBMCK@ON@@ABEC@UIBQYOAEIMFEHACBJAFHQLCDEDS@c@LSDGNE@DFi@BeACIFM@g@J{@?]DkAIO?SAICGC@AWBICCDO?YKaA?WBOEO@a@CCAi@EQEEF[?Fr@mANe@Cy@TwDNiAHUD]Ja@Jg@HUBUBMBWCYBQ?ECAAC@?EG?E@@N_@Je@?GA??ABe@IAACC@@ACCDAHHH?PH?h@G@?B?JFN@??DCFCXLJBG?IE@ADFCHJDTJAPHDFPFNLTJRD@CJE`@CDE`@@ZEh@FPRd@BRCBEFB?EFVB^Z|@@EH^Z|@Vn@J\?JTp@@T@GHPLp@Db@DNBZP~@BB?TDj@FPRlBXhBD`@B?@RRDPINtABFNxATxADn@Nj@?NFd@D@FED?Ff@F\BADFBCBB\SLC@EHAP?NGL?HGRGRRDb@HALF?A@TJPDA?DBAHFj@KBWNCDD@JPZJHH?HJAvAObAETKJAAA@EPMPENC?CPG?QEWk@GDCDGEICCBAAGBMC?@M?KEI?AEQBCBOEABO?MHEV?j@@\@J?EBZCJ@vBA^AHBD@NEr@@rADJJHvA?BNDDXARHT|@LCF@r@pCT|BDVLX@RCTLt@Th@PRNLBCXBCV@BP?NEJDJNAPPFFl@Pv@B^BN?HFZLxAH\HBDCZUNQj@_@PIJ@@VHh@TdAFh@ITOBYRGJCNPvBHABGCU,2,,,,,,,
11,2,Lunch Activity - HIIT,0.0,1368,1368,0.0,Workout,4586502783,activity_1610109831.tcx,4899585515,2021-01-08T12:43:51Z,2021-01-08T12:43:51Z,(GMT+00:00) Europe/London,0.0,,,,,United Kingdom,,,0,4,0,1,0,True,False,False,False,everyone,False,,False,4899585515,0.0,0.0,True,115.6,135.0,False,True,,,0,0,False,4.0,2265413,1,a4586502783,,2,,,,,,,
12,2,üå´Ô∏è Lunch toddle,1175.6,1247,1247,0.0,Hike,4586073754,activity_1610104245.tcx,4899137518,2021-01-08T11:12:06Z,2021-01-08T11:12:06Z,(GMT+00:00) Europe/London,0.0,"[52.887398, -1.298392]","[52.887666, -1.298765]",,,United Kingdom,52.887398,-1.298392,0,4,0,2,0,False,False,False,False,everyone,False,g6779208,False,4899137518,0.943,1.9,True,119.7,122.0,False,True,31.1,30.5,0,0,False,4.0,2265413,1,a4586073754,o{xaIld|Fa@TGZb@`CHp@@b@H`@ANFVDt@Fr@Cf@DT?TFL@R?`@BBFb@Bl@APTxCC`@H@BP?E?PBZLb@P^LHJPVLHAHF@CVGDEJENQDKJIHWJMj@eA?SJ]?IDELsA,2,,,,,,,
13,2,"üå´Ô∏è Lunch Run - weirdly, was far too warm z2",5056.4,1454,1461,0.0,Run,4581447623,activity_1610022446.tcx,4894290529,2021-01-07T12:27:28Z,2021-01-07T12:27:28Z,(GMT+00:00) Europe/London,0.0,"[52.887646, -1.298561]","[52.887407, -1.298464]",,,United Kingdom,52.887646,-1.298561,0,7,0,1,0,False,False,False,False,everyone,False,g6779208,False,4894290529,3.478,5.2,True,124.6,149.0,False,True,31.1,29.7,0,0,False,7.0,2265413,1,a4581447623,woxaIz{|Fe@zCUz@[Za@v@QNo@JWGa@e@c@}@GQG_@Iq@CaBCQa@sBEkASaCBe@G_BEa@Ow@]{CCEIEk@L[?KAKIKMWe@GSMs@g@cFOcAm@oCMYKaAIuAAkA@]PcB?SXo@d@w@Ti@j@qBB]?g@GUQQk@Gc@@YA_BXu@PI?_@MK@_@Ng@V]XULoAz@UT@TLrA~@`GJ`AJtD?\Eh@UhAQd@c@vBo@`BUb@q@x@c@`@a@LUB]Oc@Ga@M_@[q@_Ae@uAG]M_BD{ACIFi@\qALwADeAEg@Km@M{@EKLXJ`@BXHx@@`AKbCa@~@YxAAl@Bt@B^d@hBV`@`@Xb@d@j@VVFJ?n@Kn@]`@a@f@q@Zi@|@oCp@oCFo@BaA?u@G}BMeAe@wBScBM{A@SJWNOv@m@lAm@z@]LAHHPBP?`A[lAQJ?l@Bh@PHFHRBT?v@Gx@I\y@lBMAk@m@YGcB?KFORGv@CpBBnAAb@BpCBLFLRJ`@?NEh@?PDDDXz@nAfEL|@XlDDNP\\`@^R^CH@JF@DDRFr@\tAVrBDlA?^Jb@Db@DhADZ@lALlAHfBN`APt@Xj@RNTJVDR?JCDElA{Bt@gCJy@,2,,,,,,,0.0
14,2,‚òÅÔ∏è Morning toddle,1173.6,1243,1288,0.0,Hike,4575560429,activity_1609929295.tcx,4888119377,2021-01-06T10:35:24Z,2021-01-06T10:35:24Z,(GMT+00:00) Europe/London,0.0,"[52.887568, -1.29847]","[52.887713, -1.298765]",,,United Kingdom,52.887568,-1.29847,0,2,0,2,0,False,False,False,False,everyone,False,g6779208,False,4888119377,0.944,2.3,True,143.2,154.0,False,True,31.1,30.5,0,0,False,17.0,2265413,1,a4575560429,o{xaIfd|FULMBGJC\JhAHXFDA\JVAXLb@Hx@BB@x@H`@Bb@CJD\CHLlAAR@b@BXDH?LDf@A`@BJAXHfACJ@TDZPf@HNHFR`@HAVPJ?DCd@CTSLEBIDCBOFCLWBCf@oA@QDOLaAJY?B?S,2,,,,,,,
15,2,"Morning Workout - Back, more shoulders and abs",0.0,3359,3359,0.0,WeightTraining,4574872654,activity_1609914634.tcx,4887390943,2021-01-06T06:30:34Z,2021-01-06T06:30:34Z,(GMT+00:00) Europe/London,0.0,,,,,United Kingdom,,,0,4,1,1,0,True,False,False,False,everyone,False,,False,4887390943,0.0,0.0,True,103.2,129.0,False,True,,,0,0,False,9.0,2265413,1,a4574872654,,2,,,,,,,
16,2,‚õÖ Lunch Run - easy lunch 5k,5106.5,1492,1492,0.0,Run,4570663879,activity_1609849618.tcx,4882999466,2021-01-05T12:26:59Z,2021-01-05T12:26:59Z,(GMT+00:00) Europe/London,0.0,"[52.887473, -1.298522]","[52.887541, -1.297481]",,,United Kingdom,52.887473,-1.298522,0,6,0,1,0,False,False,False,False,everyone,False,g6779208,False,4882999466,3.423,4.5,True,167.6,182.0,False,True,31.1,30.1,0,0,False,72.0,2265413,1,a4570663879,}oxaIz{|FIl@e@lB{@pBQTa@Va@CUIc@k@KUSm@QeBEuACgBIgBCcAKwACQUk@a@iBGYE_ACEGq@EYOAc@HQ@KC]U[u@WaAGe@i@kFGYKSE_@EKQw@Sg@G[Cc@AeBC{AJiBBO^aAj@s@Vq@Lw@JeA@g@ASEMGICCUBc@AUDY@_AVWBq@NQF[UMA]Pi@TsBrAe@b@CPPxAPxAd@rCRpBD`CEtAGx@CRi@tBk@lAGT]l@KVc@r@e@\UJUFs@HYCw@_@QQQg@W_@SQKa@SiBEy@HcC\qAD_@DmAAqAMgA@WBB@JC^N~A@h@OrBg@rBM`ACd@B|@ThANVTp@Zj@\\z@^d@HD?XQTIVQ`A_Ax@gARi@Lg@j@kCJm@FeA?yAAm@?eAC_A[kDWwBImAP]LKb@WvAgA^OZUN?NHPD^If@G|BQt@FRPDb@?n@KjAQx@g@fAW`@k@|AWdBCn@Dr@PfB~A~Fj@dFJb@Vh@VZHFRDf@?JBJJH\^hCAd@Nb@V`CJjAVjGD|BDf@FXXr@LR^\\L^@ZKRSJOj@gAZ_AHa@XyB,2,,,,,,,0.0
17,2,‚õÖ Morning toddle to pharmacy,1985.9,2171,2495,0.0,Hike,4570038839,activity_1609841987.tcx,4882346571,2021-01-05T10:20:23Z,2021-01-05T10:20:23Z,(GMT+00:00) Europe/London,0.0,"[52.887495, -1.298575]","[52.887749, -1.29874]",,,United Kingdom,52.887495,-1.298575,0,2,0,2,0,False,False,False,False,everyone,False,g6779208,False,4882346571,0.915,2.4,True,106.9,125.0,False,True,31.4,30.5,0,0,False,6.0,2265413,1,a4570038839,ahxaIx|{FLYJGB?FDH?FG\RJGZHVAHG`@?@I^RLAb@f@TLFIHCXLP@DHTBJFBJA@JFFHI`@MXA\DNJRDXLTLv@NTh@bBNNHVFD^f@LHFNZTBLIZ@LAXGPCI@OGIABC?B@?N?Az@r@M@DEOa@W]E@GE?@?CFH?MAKGGUIGIi@uAMm@W{@Ys@CQA@CGA@?GSc@Gm@IYIi@?MAJACHSR_AMYMECBIAGGC@OWMBEDSSULKEEIC@EQKEC@AGGC?GK?CEGFIAIBMGO?S@YHACK?OBEGGAe@COFIFKT,2,,,,,,,
18,2,TDZ Stage 1: Standard Ride,25389.2,2274,2274,101.0,VirtualRide,4567466762,zwift-activity-720395217029448704.fit,4879635854,2021-01-04T19:00:54Z,2021-01-04T19:00:54Z,(GMT+00:00) Europe/London,0.0,"[-11.635755, 166.953476]","[-11.63689, 166.954794]",,,United Kingdom,-11.635755,166.953476,56,9,0,99,0,False,False,False,False,everyone,False,b6605493,False,4879635854,11.165,15.5,True,152.5,184.0,False,True,20.0,-6.2,28,0,False,60.0,2265413,1,a4567466762,nr_fAeb_z^tCbEt@Vt@WbA{@fAyBB}@m@{A_AkAuBwAM_@Rg@dBYFKiAiKGiBXsCtAmClB{AbDkAtCk@nLwAjCm@pAmAvBmFz@{@fAm@jCc@hC^`BdAvEfGdAd@lAJfIaAl\eJnA?j@h@GbRYrBuApFeApC?rHInASj@e@ViAJsH@u@iAuC{Jy@iAaAe@u@F}@l@a@`AEbARbAdHdOy@h@{KbBs@l@Er@TZn@HpKsA`@@VRUXo@PmLdAUTB`@XThADbD_@rABjBN~@^P`@LhCtBvCV`AW|@sBh@Ql@fAxCd@R~@AX`@CR]ZqAEu@X@RdAj@Ef@QH{@EyAk@}@FwAf@mA`BcC|Ay@jAw@xCs@nGCfCl@pKMnC_@xBi@`BuEjIaC|B}@`EqB|AwCv@uDWmAPKQFO`Aa@tBQ?q@m@c@wFlBeAWwCeCK_@NwBzAYJUJqDi@eEq@m@k@EiAj@_AD_AnBqAJi@k@k@wBu@{ACi@\mAn@eAjAkATsAz@}@Jg@yF_Qa@sBBo@h@w@`AYrAXlBbB^YAg@wCuHiAeBuAw@iHwByCgBwAqA{AyCm@kDDwAh@mA|G_Fn@aAM{@aCgB[o@J]jB]L[oAyKAsB\sBf@oAfAwAjDmBvEcA`NaBlBm@~@_A~BwF~AqA|Ai@zBGrBh@pA`AfExFhAh@pAJdJmArZoIhBIl@l@I`RcBlImAzCGnJKv@W\gBXkHBo@s@{CgK_AuAq@a@{@?_Ah@g@bAElAThA`HjN?PqAn@{JvAy@n@Ex@\Zf@DnKsAf@@NJAPeA`@eLbAQHEf@ZXrAHtC_@|CJx@Jn@`@Nd@PnClBbCV`AS~@cCv@?p@dAlCf@P|@CV\AT[\gBCc@TLb@v@XAf@OJi@BwBs@oCr@oA`BkCfBo@~@u@zCs@pGAfCj@lJErBYfCy@lCyErIwBnB_AdE}ApA}Ap@oARaEW_APMQ|@m@bCY@]M[g@WmFlBiAU{CiCI_@BiARw@~@G`@]C_BL}Ai@uDm@m@i@IiAj@mANa@jA[\qAF][u@mCs@yAAi@^iAl@cAhAgARqAjAaBUoAoF{OSyB^u@hAc@zAZ|A~Ab@IHa@uC}HgAkBqBeAmGkBoDuBiBoBcAgCe@qCL{Bz@kArFuD~@kAIu@}AsA,2,92.3,233.8,244.0,531.7,True,331.0,
19,2,"Lunch Activity - weights, cables and abbs",0.0,2462,2462,0.0,WeightTraining,4565338849,activity_1609762000.tcx,4877412643,2021-01-04T12:06:40Z,2021-01-04T12:06:40Z,(GMT+00:00) Europe/London,0.0,,,,,United Kingdom,,,0,4,0,1,0,True,False,False,False,everyone,False,,False,4877412643,0.0,0.0,True,106.3,127.0,False,True,,,0,0,False,7.0,2265413,1,a4565338849,,2,,,,,,,
20,2,‚òÅÔ∏è Morning Toddle - #4,1204.8,1235,1313,0.0,Hike,4564752920,activity_1609755086.tcx,4876795470,2021-01-04T10:11:28Z,2021-01-04T10:11:28Z,(GMT+00:00) Europe/London,0.0,"[52.887713, -1.298759]","[52.8877, -1.298835]",,,United Kingdom,52.887713,-1.298759,0,5,0,2,0,False,False,False,False,everyone,False,g6779208,False,4876795470,0.976,1.9,True,88.5,109.0,False,True,31.1,30.5,0,0,False,2.0,2265413,1,a4564752920,q{xaIjd|Fc@VIX?JXfADd@APJFBH?\FR?LFHN~B?VHVAF@VA??BBFBACL@h@JfA@bABXDJBh@CPAj@FzAb@dALPDFD?X\NDd@ALGDINETWL]^k@Pg@FWNuA?DNo@,2,,,,,,,
21,2,Watopia spin - biggest and fastest ride of the kitchen so far,18220.5,1914,1962,166.0,VirtualRide,4560300349,zwift-activity-719495697896180832.fit,4872079807,2021-01-03T13:06:36Z,2021-01-03T13:06:36Z,(GMT+00:00) Europe/London,0.0,"[-11.636681, 166.953493]","[-11.636809, 166.949681]",,,United Kingdom,-11.636681,166.953493,27,5,0,4,0,False,False,False,False,everyone,False,b6605493,False,4872079807,9.52,18.2,True,141.7,170.0,False,True,57.8,-6.2,14,1,False,31.0,2265413,1,a4560300349,hx_fAib_z^sDnCe@l@Sj@I~@DlAZ|An@hBf@~@r@x@vCpBrB`AhFzA`B|@dAdBrB`Gl@z@h@Zf@Fd@C`Bc@LSMo@@Kl@_@NW?MQWiBs@CQFqAKQaAc@QWLu@d@o@r@Od@Jv@fAVvAdAX|@`A\?x@e@vAwAFa@GOqBgAS_@Qo@Iy@H_@TQl@O`AGv@@t@N^Rz@nAnCjGPPVJVKj@y@nJaGPCh@\vAlCr@v@P@\SxAuER]XQ^Hh@\lCvC\L`@CVYF_@g@gB@c@\Q`B]Ta@@w@Ww@sA{AWg@Ii@E{AOk@c@]iAUyCM_D`@oBIi@Fa@XUd@aAjE]fAe@b@YB}Bq@uK{BoDcA_CYkCH{CZgEp@gF|Am@FYGOWKc@C{BRsB`@i@bDgAfKaBfD_@x@g@lB}Bv@a@r@FvBr@n@?NQLaAM{FFyALc@^k@`CmCNq@CeAYoAa@w@m@o@{@]iBWiDM_DCoATqAr@qEzDgAt@kAZuD`@SFKP?l@Jl@bBfGXvA?\I\WN[Ai@c@_CaJSY_@AWTWz@C^G~FBZPTr@LTO^gABYEWQOeAK{CFKQmAmKCsBNwAh@aBfAaBz@s@fBy@fEeAxKqAfCa@lAc@`@Yf@q@xA}D`@s@jAaAhBs@x@KjA@v@Lr@XnA|@pC|DbAdA`Ad@jAJnBMpF{@j[wIx@Gf@B^XFPB`DKlL[|B}@rD_@|Ai@`AQj@A|HKzAO\i@XaAHqHFYS[g@{CiKy@kAcAg@y@Fy@n@S\Qp@Ar@XpA`HpNSZo@TmK|A_@RW\Ib@BPZZf@F`KqAn@?XPQX{@RiLdAKHE`@LZNDdAFdD_@xBD~ARl@^Lb@LbCb@x@jArARf@Dj@Mf@OLwAZUHOPBn@b@pAKf@MLQDe@MsC{Co@_@c@A[XS`@kAzDY\S?i@i@cBaD_@UQC_KfGw@dAUC[_@{BqFeA_Be@Yq@O_ACiAJ{@ZKPCn@Hp@b@dAdB~@NLBTc@n@oBvAQBOIs@{@y@MMOSoAw@gAUIk@Ac@Nc@f@O^Cd@X\z@ZLRIbAHd@bBp@LJBPINm@^GNJt@MLmA\}@D{@]q@eAsB_GcAaBaB}@}GsB{BsA,2,93.0,203.3,212.0,389.1,True,368.0,
22,2,‚òÅÔ∏è Morning toddle - walk 3,2620.0,2990,3046,0.0,Hike,4559446004,activity_1609671098.tcx,4871183984,2021-01-03T10:51:43Z,2021-01-03T10:51:43Z,(GMT+00:00) Europe/London,0.0,"[52.8877, -1.298686]","[52.887766, -1.29869]",,,United Kingdom,52.8877,-1.298686,0,3,0,2,0,False,False,False,False,everyone,False,g6779208,False,4871183984,0.876,2.5,True,129.3,146.0,False,True,31.1,30.1,0,0,False,17.0,2265413,1,a4559446004,ioxaIrv{F?KF]Be@TkALcA\{DH{BCu@B]CGBOG{@@MACG?AGGMCWGUGIASGKI[AOGKCAEQKKEWIECIAMISAYKSAQIUKQEO?CABMe@?UMi@?IA?EOE?OZSNADC?EDG@SXKHAAONOBKHAJCDCEGNIFMDON_@TURGNE?UN@ACCILa@RABGBS?EJMDADKAGBQ@ICGJE?ITIFEF@LB?G?GHAf@BZKhAQn@CB?H_@r@EPGHMFKPE^OZMh@EXGTAX@XCL@`@CD?\Fd@B|@@BALBDF?HDFZNXDBBFBRALBLBHDFVbAJRLp@PbB?PL\@PEl@DL\r@NR\T\DBR\?DFFNHhADXFL?XFb@@f@HXDd@B~@Ef@?DLPH^D`@CLFT@f@Jx@It@HFDJBf@JBFH@RCFBRCVFh@?@BCBB?RDJFFH\HFBFAGDV@CDHb@RTDVAd@OL_@\e@FU\s@AGNWDQF_ADIBY,2,,,,,,,
23,2,Lunch Activity - cables - upper body,0.0,1866,1866,0.0,Workout,4553987150,activity_1609592202.tcx,4865432710,2021-01-02T12:56:42Z,2021-01-02T12:56:42Z,(GMT+00:00) Europe/London,0.0,,,,,United Kingdom,,,0,4,0,1,0,True,False,False,False,everyone,False,,False,4865432710,0.0,0.0,True,108.4,136.0,False,True,,,0,0,False,5.0,2265413,1,a4553987150,,2,,,,,,,
24,2,‚õÖ Morning toddle,1947.2,2162,2587,0.0,Hike,4553989254,activity_1609585145.tcx,4865434694,2021-01-02T10:59:06Z,2021-01-02T10:59:06Z,(GMT+00:00) Europe/London,0.0,"[52.887698, -1.298986]","[52.887685, -1.298733]",,,United Kingdom,52.887698,-1.298986,0,4,0,2,0,False,False,False,False,everyone,False,g6779208,False,4865434694,0.901,2.5,True,99.0,115.0,False,True,31.1,30.4,0,0,False,5.0,2265413,1,a4553989254,ozxaId`|FOkCD]Eg@D}BA@KQAe@K?GC]BQEEMMsAADBBAAADIE?PEYECC?QEMBC@?D@?AEWIAHD^EP?NHCFFRBN@Fi@FO@BDI@GEH?LOr@C`@@PCLBTATD@@JCfAEr@AdBOZQHEJS@IFK?GDG\T|@CBANTl@TXl@HJCJ?BCHEF?BBBH@\NADDHr@ZfBVdCTPFRBXHaAABACGDSXMl@D^BBBL?\F^CNDh@?DD??BATFx@?JDb@@b@@C@HC^F`ABFAACFBABFHn@HVB?HTNLBJF?FDPHBBN?FCD?FGB@BCNCZWV_@N]FIBKP_@?KHKJ}@B_@AEJc@,2,,,,,,,
25,2,"üåß Lunch Run - had to stop to tie my shoe, very rainy and muddy",5075.0,1418,1443,19.6,Run,4548241134,activity_1609502840.tcx,4859363157,2021-01-01T12:07:23Z,2021-01-01T12:07:23Z,(GMT+00:00) Europe/London,0.0,"[52.887671, -1.298719]","[52.886775, -1.298343]",,,United Kingdom,52.887671,-1.298719,0,6,0,1,0,False,False,False,False,followers_only,False,g6779208,False,4859363157,3.579,5.8,True,158.5,188.0,False,True,40.8,30.5,0,0,False,52.0,2265413,1,a4548241134,ehxaIp|{FL[HENBPHHLNHH@LER?`AOT?PFRDZVh@LTHDAj@Rt@\r@x@h@p@dAbA\b@RZXZ`@l@bA|@z@pAVV?LG`@Ef@OhA?DDJ~@l@r@^PBVTLFF?n@Xz@NJ?\ELBNPBH?nBNdEHv@Af@@`@EhAIf@eAbDa@~AQf@a@xBQpEGr@MjCIrAUzBGvA[lEOxCg@vGCv@O~AGzAWfCCt@UnA@PT^Pv@JlC`@zGRdBJhBV|BNfAF|@XdCC_A[uE_@aCSaBSgAO}AAmBG{AMwBUwAYq@Ea@ASFs@NaA\iEJy@HwA?[n@wG`@kG@a@RiBTcD@g@PwBJcDR_D`@{B`@aBd@yA\{@Rw@Bw@AUEi@GuAGs@?q@GiABqBCISKq@KmBk@QMgAg@_Ai@IKEOCS?w@TwAAICIQYc@g@yAsA]a@YOaAiAMQYUeAyA[k@y@}@QIw@SKKUKQG[OG?MEk@AY@g@LYCIEi@KK@IFQV,2,,,,,,,1.0
26,2,‚òÅÔ∏è Morning toddle,1676.8,2183,2293,0.0,Hike,4547861147,activity_1609497739.tcx,4858962279,2021-01-01T10:42:57Z,2021-01-01T10:42:57Z,(GMT+00:00) Europe/London,0.0,"[52.887488, -1.298539]","[52.887736, -1.298738]",,,United Kingdom,52.887488,-1.298539,0,4,0,2,0,False,False,False,False,followers_only,False,g6779208,False,4858962279,0.768,1.7,True,110.8,128.0,False,True,31.1,30.5,0,0,False,6.0,2265413,1,a4547861147,{oxaIt{|FUz@KbAOj@Qd@_@j@AHWXIFE@EFO?GEABOBOEa@[Sg@OQGYGcA@UEa@Ac@IaAC_ACYCiA?A?DEg@?WFSEQGGCMAi@Ec@EOQyAKk@Ek@YkAAe@HYTID?b@WTGHIZGf@U?@JCh@]NNF|@DJ@PDF@DB@@JA@Rr@A@AAFVNb@?JDJ?PBD?VIBFDD?@RBB?BB@BXDBBPDARjAGVDLAJk@TIJEAEJGAEHMHQEQLAAQPCHUJKNGVL|@DjABD@NBDD?BPPNDAJFBELGHQD@AAJdARHL@FPGRFBN?HTFB?CDABEAKLc@?KDS?DDc@He@,2,,,,,,,
27,2,Afternoon Activity - HIIT,0.0,1223,1223,0.0,Workout,4545595154,activity_1609435454.tcx,4856527124,2020-12-31T17:24:14Z,2020-12-31T17:24:14Z,(GMT+00:00) Europe/London,0.0,,,,,United Kingdom,,,0,3,0,1,0,True,False,False,False,followers_only,False,,False,4856527124,0.0,0.0,True,114.3,129.0,False,True,,,0,0,False,4.0,2265413,1,a4545595154,,2,,,,,,,
28,2,‚òÅÔ∏è Afternoon Run - slow icey headtorch night-time tier 3 z2,5867.1,1752,1757,19.3,Run,4540397939,activity_1609348533.tcx,4850989907,2020-12-30T17:15:34Z,2020-12-30T17:15:34Z,(GMT+00:00) Europe/London,0.0,"[52.8872, -1.298695]","[52.887366, -1.29845]",,,United Kingdom,52.8872,-1.298695,1,9,0,1,0,False,False,False,False,followers_only,False,g6779208,False,4850989907,3.349,5.1,True,154.2,182.0,False,True,40.8,30.3,1,0,False,52.0,2265413,1,a4540397939,chxaIp|{FRa@LGHBNAFDPAd@Dp@Ej@Bl@XTT\Dt@XL?b@T^f@l@n@f@t@^Zh@l@r@~@|@~@bBvBl@n@DNAFMh@QhABRLN~AbAn@l@TLNBf@RV@JCf@BLIP?D@DJH`@Ap@BpAVnEDnAGnAIb@gAlDQ`A[`Ai@zBGn@@j@G|@AnAKdAOvDGf@KrBe@nGI`AWdBSvCOvEW|CS~AWrASv@i@fBg@~@Qf@[l@Oh@]`Ag@dAIZMRSj@kB`DoAhCfAkCl@gA\aAl@uAfAaCRYlAgCxAaELg@N{@NoAFcAFi@NyA^yFBu@n@mHN{BHy@FcA?_@ZkEP{DDcBJoADg@^{A@KJ_@He@l@gBj@oBBg@AkCY{F@cB\sBPc@DEPIdAe@FIJGVSXo@G}@?uA@e@L{A@m@OiBOm@OoAm@_C[cAs@_Bo@_AUWIEMVg@nBO`@kAvE_@hBCDQGs@k@{@cAi@w@UOi@q@_@c@KGo@w@a@WGKb@R|@n@d@j@Zd@@FAVET{@dDi@zAQZKFUQ_BuBo@q@[Os@g@o@U_@SK?SGc@e@KGQEU?}AP[EQGIGW?GJQ^,2,,,,,,,0.0
29,2,Afternoon Activity - HIIT,0.0,1274,1274,0.0,Workout,4534990025,activity_1609257597.tcx,4845269514,2020-12-29T15:59:57Z,2020-12-29T15:59:57Z,(GMT+00:00) Europe/London,0.0,,,,,United Kingdom,,,0,3,0,1,0,True,False,False,False,followers_only,False,,False,4845269514,0.0,0.0,True,125.4,143.0,False,True,,,0,0,False,6.0,2265413,1,a4534990025,,2,,,,,,,
